Tm,Pos,Age,G,GS,Pass_Cmp,Pass_Att,Pass_Yds,Pass_TD,Pass_Int,Rush_Att,Rush_Yds,Rush_Y/A,Rush_TD,Rec_Tgt,Rec_Rec,Rec_Yds,Rec_Y/R,Rec_TD,Fmb,FmbLost,Scrim_TD,Year,Pass_Y/A,Scrim_Yds,num_games,games_played_pct,games_started_pct,Exp,Touches,Pass_Cmp%,Rec_Catch%,ppg_bin_q4,PPG_half-ppr_pred
NYJ,RB,31,13,5,77,201,113,6,3,143,403,6.459292678557836,1,67,29,877,13.912488035741223,5,0,1,0,2015,1.484878776800004,936,17,0.47204875706666344,0.2181491845610315,3,247,0.3383268181165634,0.4139318081761838,Q3,13.457025073266816
NOR,RB,27,16,15,123,86,831,6,0,22,412,3.421444166254429,5,89,47,433,9.967610447736597,6,4,0,2,2008,5.838344464316571,876,17,0.2581814532221505,0.6629277005606187,2,73,0.04282986315299775,0.6052443608175849,Q3,13.28124421048565
CAR,RB,31,9,13,145,242,234,8,7,106,89,7.304274326545963,4,84,32,54,4.108118536250123,6,3,2,2,2018,0.7662584141071773,23,17,0.10568584384580416,0.7668615203028132,2,139,0.5709986975210646,0.7602752846863484,Q3,12.68239058115091
DET,WR,30,3,2,116,162,276,7,2,128,458,4.988149120013001,1,100,53,524,12.510769455522809,4,5,1,1,2006,4.4493912894598795,320,17,0.49621592451506036,0.1666361430284744,5,53,0.57935330716558,0.5643533069491241,Q1,15.486293706378605
JAX,WR,23,1,16,155,34,1147,0,1,37,446,0.8883307147704815,2,90,2,105,1.4174016941375407,6,4,3,0,2012,5.403489601631926,549,17,0.8263518892358047,0.04385828341791598,2,200,0.3487652062634935,0.5087608822191797,Q3,10.727063734596374
CHI,TE,33,4,14,126,39,713,0,2,43,451,6.783977433291296,3,28,10,215,12.993010333529584,3,4,0,1,2005,5.438972053179546,699,16,0.7465768689946691,0.43958737530133873,0,264,0.35417169182241987,0.7269007026541818,Q1,11.45271818875691
CIN,RB,30,3,5,140,189,1672,6,7,151,49,3.7500737861913467,4,62,43,289,9.898640950966117,0,3,0,5,2011,1.3763304221338233,1078,17,0.4455632196505471,0.7740240859924371,1,128,0.036626568327971065,0.7052645499070364,Q2,16.59462653926682
2TM,WR,31,11,13,18,47,579,5,1,42,295,1.0856210309923238,2,33,16,643,1.85814423087296,0,1,1,5,2004,0.44625164711298493,441,16,0.6200337549227503,0.6507798355741427,9,59,0.38051396289439066,0.830346840613561,Q3,8.308650893662236
MIA,WR,23,3,2,118,138,1317,3,6,68,270,1.1703249670315943,1,37,47,162,1.3339266696608783,1,3,1,7,2004,3.2500420820784726,1026,16,0.47148111338707904,0.7018817204145913,1,82,0.273096593559467,0.06255178627729441,Q1,17.12360551096904
2TM,TE,27,9,16,71,270,836,4,5,68,57,5.269745396753895,1,104,25,146,12.597365149878428,1,1,1,6,2013,1.4663024342874784,192,17,0.6053276029282917,0.4028393399933684,1,296,0.45120958287646007,0.7549521320819789,Q3,8.986543024670866
DAL,WR,26,11,11,89,1,1197,8,6,40,147,0.3630963309913243,5,76,62,40,4.914813542453268,2,3,2,5,2006,5.063786163117052,435,17,0.5476611666189524,0.23494554525306988,5,97,0.02998858328809152,0.51376045095169,Q3,10.64170466097045
BAL,TE,32,10,10,105,5,1088,8,7,122,291,2.1966569157805784,2,109,57,768,14.920508829538804,4,1,1,1,2004,2.582999376058041,61,16,0.7009061876173366,0.5317788432846094,2,280,0.4523830708278571,0.07469312003315187,Q2,11.296957690297479
TAM,RB,29,4,1,156,270,858,6,6,121,491,1.071430766954341,4,47,34,610,12.785891797284066,5,3,2,5,2020,3.254007230981575,871,17,0.5384770408123036,0.2043656937491969,10,120,0.18256879698419973,0.6790100281695197,Q4,16.17712686313103
IND,RB,31,13,14,159,159,1723,4,7,59,157,3.380728769360711,2,60,54,35,11.714080772486126,4,0,3,0,2002,0.8218038370185395,177,16,0.9443228107820861,0.7262286969850658,9,68,0.41472157392470504,0.7165401940019428,Q2,7.927319178401578
NOR,WR,27,12,0,46,35,622,3,1,131,548,3.1758997935803075,5,55,19,25,4.674390438627899,1,1,2,3,2012,4.109928872833253,301,16,0.46377642023283083,0.19696645595947704,4,263,0.39908016610771463,0.5236271695446845,Q1,12.241944020739567
JAX,WR,24,12,4,118,244,322,5,6,33,361,4.000029378821051,0,12,35,491,11.894513596918257,4,1,2,3,2012,1.3434778232861009,909,16,0.07742153409972899,0.29126326671434144,4,170,0.14435367203869343,0.7937989776497628,Q3,15.65566356329092
DET,RB,28,3,2,121,239,1230,3,4,1,503,2.1433302165917443,1,27,14,248,15.907811151304438,2,3,1,3,2006,4.916890781619076,627,16,0.28410018944592297,0.5065447783230054,4,11,0.2802878560467152,0.3002481086293015,Q4,20.08896738645076
PHI,TE,23,3,12,56,146,1535,6,4,90,312,0.24560468799861676,5,59,60,525,1.5361705544395452,0,4,0,2,2010,0.5153707179219228,16,17,0.53181892947499,0.48670993414349495,0,347,0.5317666193975702,0.20190721853143612,Q3,13.289875779619015
DAL,WR,31,15,3,20,169,73,7,6,156,330,4.709088804796155,5,8,58,382,5.472284326948719,2,0,1,5,2003,7.0669638562824995,3,16,0.5692861111456206,0.6008493764070294,3,53,0.3853765004694016,0.3507339517432785,Q2,11.1502889241963
STL,RB,29,7,15,7,74,816,1,7,6,410,2.8644385750335495,2,104,63,812,3.937279120522302,2,4,3,7,2015,4.957018365075304,599,17,0.5803607399800501,0.43744460049991696,1,128,0.04374255580444366,0.4100505132959775,Q1,11.743351045847259
SDG,RB,30,6,11,125,14,1619,0,5,33,613,4.992291196225175,2,14,61,253,6.5978633660556305,2,4,2,6,2005,1.3159989792980638,358,16,0.732392592128202,0.9194733085100913,1,139,0.2818510744768916,0.6959336024021688,Q4,12.612165523438843
OAK,WR,26,8,1,79,162,1360,2,3,81,325,0.832900370340951,2,22,67,597,12.454692320327323,5,2,1,5,2005,0.10206670969782082,211,17,0.31998263370393243,0.8399340941971882,6,177,0.19840001922231082,0.8455199378782277,Q1,17.059467610979482
DET,RB,33,11,0,159,80,1799,9,3,127,349,0.10559937616557391,2,86,16,48,7.9567366439148195,5,3,1,4,2007,2.4220209735526637,720,17,0.6858471991013848,0.8791134512366384,1,284,0.40831997748922083,0.7209181900786765,Q1,14.241096562368751
2TM,WR,32,15,1,75,181,964,6,3,14,398,1.903102382320801,1,11,65,840,9.57559128046191,4,2,3,0,2019,1.1066008791922795,268,17,0.722530256049262,0.6295165714034375,1,2,0.3910861444606205,0.1739875590696015,Q2,10.518197381423679
PHI,RB,31,5,10,157,227,1197,2,3,62,487,3.499300952124997,4,101,40,862,5.270820899981078,1,1,2,6,2017,1.5816308535434105,695,16,0.44807570558202464,0.6350079158608064,5,338,0.006616973688271249,0.3662170848002574,Q3,16.35456754444693
2TM,WR,24,15,13,66,5,549,9,3,117,47,3.020445778479485,1,81,30,650,2.3705199255724647,5,3,2,4,2020,6.320041714263132,445,17,0.4395335304496769,0.6091986837159487,4,234,0.3867153241753855,0.158413713447778,Q3,10.554546909556509
DET,RB,27,1,4,128,162,1719,5,1,58,341,6.210730761890152,4,8,39,409,4.478553443288557,4,0,3,2,2014,4.368120864934223,219,17,0.23024198655292166,0.4348841544214562,1,344,0.46763159799041426,0.6867241995580513,Q3,19.3323471536915
NOR,WR,22,9,14,14,63,665,5,1,30,318,2.896014414019113,0,77,24,193,14.423525054171117,1,4,2,3,2014,1.277822283249408,162,16,0.45061316523941286,0.3221060010672626,0,296,0.48919183880100253,0.24817187821689413,Q4,8.013067030715105
HOU,RB,24,11,1,89,238,1340,9,5,31,609,4.065675629545948,0,71,20,714,10.107217920573888,4,5,2,7,2011,4.03106226433935,278,16,0.8001402734753241,0.5920028874488703,2,336,0.03753003570270255,0.5253869328518468,Q4,13.686845781075345
WAS,RB,30,3,13,129,69,731,1,3,64,326,4.549122452659858,3,85,17,647,6.341809961420255,3,4,1,5,2019,1.8522416736270517,35,16,0.9146621927030162,0.02553183713845031,2,218,0.19323717452446207,0.7918298431946843,Q3,9.868671768779125
BUF,QB,30,3,15,149,166,1019,2,7,75,310,0.1673311959676029,2,93,6,195,13.25286702689708,3,3,0,4,2011,7.06918173279684,361,16,0.6190123668605926,0.007456431423803034,8,129,0.2680831748964243,0.6709392749216151,Q4,10.963319990137943
NYJ,RB,33,7,12,132,151,1306,6,4,135,636,3.9483458237093156,3,80,35,397,1.0814524778545804,1,3,3,5,2008,0.2372122605621779,1058,16,0.34315969689465514,0.8516418262967486,9,160,0.11440017768767115,0.2983739906651327,Q4,16.446302533951496
NOR,TE,26,15,11,6,108,923,2,0,101,298,2.643030182333443,0,66,62,407,4.259728252920027,3,5,2,3,2014,5.303101238271736,975,16,0.7021466112434982,0.046424044777622187,4,238,0.26773973619591535,0.33286675061634086,Q3,8.91134097345183
TAM,WR,26,10,13,60,184,1645,7,1,108,120,3.228988272772237,5,36,44,726,3.8606195847398035,1,1,1,4,2012,5.597676314957913,436,16,0.7563870706525037,0.5247951503334181,4,155,0.045264250070831485,0.6533642866030318,Q2,11.687736193179271
LAC,WR,27,15,1,8,197,761,2,1,154,143,0.7686734131724174,4,78,36,601,16.532227654155726,1,0,2,2,2003,0.48636074954320074,675,17,0.37394948010687096,0.6149877629496451,7,265,0.07204736191357827,0.5494677493399441,Q1,12.596437186089316
2TM,WR,24,13,3,18,154,1174,1,7,65,63,6.000089394354022,4,107,30,565,11.846765104589645,1,3,0,4,2009,1.2445960810028547,665,16,0.8373886201464501,0.1981712296224356,6,33,0.4255330309003578,0.09639348747004439,Q4,8.794489323892513
HOU,RB,23,8,2,109,206,621,2,2,63,0,7.223251404726493,1,66,33,571,10.36507515496352,6,2,2,5,2007,2.7829657947663207,972,16,0.1315898426296938,0.8957308382651483,2,300,0.1670915661928259,0.8739915892735461,Q1,21.080167387528718
TEN,TE,27,13,8,115,267,740,4,4,145,285,0.17068396047275755,2,74,15,238,0.08363663994060086,2,2,1,0,2018,6.286763785006723,277,17,0.07258161025002394,0.190095771748375,1,74,0.4527128120324552,0.5126132480536286,Q4,11.41869786605289
NYG,TE,24,1,12,125,114,798,2,7,39,508,4.609345352606974,2,49,58,327,3.0923122572853847,2,0,2,6,2009,3.8886978016325364,348,16,0.1777850993425493,0.8845149873666747,4,342,0.030614517828788716,0.4733610131974654,Q2,18.393171387371545
SFO,RB,29,3,10,139,140,228,1,7,115,485,5.854640115745469,3,85,14,40,10.662970582103869,2,3,2,2,2017,4.745420110331815,354,16,0.20875782608829035,0.7629902693330352,6,56,0.35808376102768363,0.19843933663226232,Q1,15.006567192425118
NYJ,RB,27,13,14,119,3,166,9,2,118,21,2.1829664000635622,1,112,50,692,6.370846477636836,5,1,1,5,2010,5.6702060355137425,48,16,0.8864959683884888,0.24074295352419395,1,47,0.24910369500980745,0.3769938189705373,Q4,8.213148507880124
TAM,WR,31,13,2,129,217,1211,3,0,15,377,6.036381923981003,0,18,53,381,15.507370881726466,3,1,0,5,2016,5.996870830141947,369,16,0.4609203458324508,0.15074416627609355,3,294,0.5071636130371142,0.3328248623150991,Q2,12.404957069307905
MIA,WR,30,4,12,8,142,1189,4,1,74,102,4.846815477344058,2,23,40,385,12.83037301004505,6,0,2,5,2004,3.4490258250228187,1030,16,0.3202484612222328,0.3162327101862351,3,296,0.49887827831263026,0.27073568282942684,Q2,17.36458820336972
LVR,TE,25,9,3,38,111,1203,1,0,31,622,7.121758293230607,1,60,60,216,7.50611055482468,2,2,1,5,2019,3.6844375924159234,1070,16,0.46475792123764315,0.3979505662702747,3,267,0.238992499745687,0.5674065746467731,Q2,17.17425873765514
ATL,WR,31,10,4,100,26,36,4,1,29,111,7.519113348199793,2,54,20,184,12.575195734253205,1,4,0,8,2011,5.1994564584857805,129,16,0.4326633369068428,0.24578467649892344,5,348,0.3962725544194546,0.46227536028028204,Q3,10.694472647571146
CLE,WR,31,14,11,138,242,592,3,4,73,414,0.32457050906066065,1,64,62,517,16.36511698863994,3,2,2,4,2006,1.9069999421375705,537,17,0.34512031373876595,0.9988915487544232,7,98,0.14480382561240152,0.8891976853146673,Q3,12.466519901789574
CLE,QB,26,10,16,1,107,359,6,6,45,216,3.410317074224639,1,5,51,204,7.7342338366580075,2,3,1,6,2006,6.187807710198631,447,17,0.19178085851121748,0.22965233623958103,5,299,0.36934980484208557,0.9413439770471609,Q1,11.263421234845612
GNB,QB,25,7,10,83,186,1412,2,4,125,424,4.192500513025986,3,45,56,56,10.780156563463171,5,4,1,6,2006,0.15052828288991446,574,16,0.6774207456005131,0.830634826982857,2,127,0.05171389614842337,0.21947342922809088,Q4,13.331724618892745
ARI,RB,30,7,1,109,41,1561,9,4,142,272,1.1247437227621824,2,65,47,675,15.413150763806176,5,2,1,2,2008,1.417684704726606,651,16,0.1905666276059269,0.15911774709047277,1,195,0.2765663626209337,0.10010542876721051,Q1,18.42502906238375
CHI,RB,24,7,10,5,262,447,9,1,126,502,2.5775319826285408,2,66,59,331,4.172208218606907,3,4,3,2,2015,5.79466688304807,24,16,0.7894604243806322,0.9802446252759475,8,161,0.11628125188788764,0.7853375514877494,Q2,12.63063401438561
SFO,TE,24,11,1,65,49,1211,1,6,42,152,7.570027202509815,3,74,70,334,14.874471662623115,6,3,1,3,2020,2.463987918641575,988,17,0.2515825124504253,0.22552345828308484,5,2,0.5621516613309689,0.994861403638609,Q4,14.59368290618548
ATL,WR,22,14,14,144,54,235,1,4,43,599,0.12440167420141338,4,81,29,379,1.6365834136355981,3,3,1,2,2014,1.0850180147485724,1142,17,0.7481606004374797,0.42168855478359224,1,208,0.28311870234252934,0.8636000698541542,Q4,10.11515333054978
PHI,RB,31,8,11,108,234,499,1,6,40,331,3.468340204566305,2,72,57,716,10.879519306526069,2,0,1,3,2012,1.3523889967625686,766,16,0.8177369740895003,0.5585640667679065,3,271,0.37594693095115855,0.023697402118734723,Q4,10.449970120104812
DEN,WR,29,5,3,38,248,252,6,7,21,500,6.458699835875345,3,89,52,282,13.134284601491494,3,0,1,3,2010,3.8434850839828076,775,16,0.17999313416354756,0.12028571515609332,8,63,0.22933391111909754,0.251263550706466,Q4,18.659161260417882
TAM,QB,30,5,1,137,58,514,1,2,148,562,2.4826079136660733,5,70,32,666,10.311726567457372,0,5,1,5,2018,6.127643631835014,619,16,0.14382415777000382,0.8168200674791013,8,337,0.18374429515260182,0.04334227704126392,Q1,20.472098573020066
JAX,QB,31,12,3,56,128,1224,9,1,63,660,3.6775144064115546,3,60,65,826,8.313972825226,5,4,0,2,2018,0.5116188353987683,392,17,0.9527244724878061,0.27468553268082985,9,192,0.12913077103915774,0.8207793770411665,Q1,12.361703911646567
DET,RB,27,13,16,137,200,1651,8,2,35,148,7.4964329809513925,5,68,28,581,10.357712454308732,1,5,0,6,2007,0.22072822699731975,175,17,0.4966063813305444,0.5492699016016638,6,65,0.5802819162426488,0.5814069762923163,Q4,10.944413241109194
CAR,WR,28,3,7,48,239,367,8,3,133,190,3.63979128192848,4,11,40,379,2.5445800028551258,2,5,1,4,2020,3.3685260980579685,685,16,0.6533457765371766,0.5496338106932469,4,234,0.5087509524535153,0.5137185411670538,Q1,16.014216571107468
KAN,RB,24,2,13,95,103,983,5,7,63,166,1.0034733513346359,0,31,7,657,3.616797473318108,3,0,3,6,2009,6.924253864569294,53,17,0.08430666261415727,0.602640652325785,4,69,0.08480254645611056,0.5544498819965276,Q1,13.917251841845786
OAK,WR,23,10,10,64,141,1272,10,3,6,174,0.3964300214194558,2,59,16,402,4.528311215267515,0,4,0,1,2017,2.02045611469862,967,16,0.32379079427156865,0.05548598652431469,2,23,0.47518855764023527,0.25245125869659113,Q1,13.15598919454907
IND,QB,29,3,9,44,202,1729,0,5,25,385,7.246339964054422,3,98,59,364,10.029408937237307,0,2,1,4,2020,6.945856227927329,494,17,0.5363103011494246,0.16861876183156788,7,248,0.26633776720514296,0.6016383691388628,Q3,14.376209778674534
CLE,WR,27,13,2,143,199,1107,4,4,100,657,2.037350973514178,5,76,28,462,7.414118015056183,4,4,3,0,2015,6.428164312499304,486,17,0.8933296688025661,0.1611922429233642,6,40,0.009797871338544453,0.030666978464029993,Q1,10.847017697205057
DET,WR,28,6,15,30,213,463,3,1,123,654,3.863501589727113,2,10,28,279,4.101761357262419,0,0,3,5,2004,2.050329376863193,384,16,0.3169744539666028,0.30205125941585187,2,38,0.33623374933032313,0.6460117239708396,Q1,11.813449492756716
CLE,TE,30,3,5,14,155,1135,9,2,33,348,0.6952023600895822,0,66,17,92,14.811578794870178,3,1,2,3,2013,5.915948800435454,1137,16,0.7892418623675496,0.14491415685833986,9,268,0.08275682550855115,0.7344338301788308,Q4,14.848639510183427
SEA,RB,29,15,9,55,28,581,6,5,144,422,3.247191894573164,3,25,34,365,6.273577542697415,2,4,1,8,2003,4.966724353015535,205,17,0.6833246202425329,0.9219213207742897,4,20,0.13359456287774207,0.6730262637118272,Q1,9.909967225167332
2TM,TE,28,3,11,116,246,1771,8,5,134,568,7.1289852446053565,1,82,56,109,7.483421067079285,1,4,1,3,2017,3.7063739791514227,177,16,0.1705663448178859,0.5129544505113007,0,293,0.44293515726987737,0.33211751831222025,Q2,18.41763374339907
PIT,WR,28,5,10,130,235,725,2,3,133,617,3.8508478276536007,4,93,63,361,6.873873617655354,1,3,1,5,2007,3.0625572892413633,194,17,0.33753922449249674,0.6235751477026844,3,288,0.1636358418171248,0.8262629151275427,Q3,15.786574361531885
DEN,TE,25,3,15,161,217,1243,10,2,36,135,7.443465310579013,3,66,5,490,3.0525984718655166,5,2,0,2,2015,5.905482565849305,772,16,0.28549753416120605,0.35748817539812083,9,51,0.5675652193538833,0.7155439971174821,Q1,17.57321063569872
TEN,WR,22,3,2,48,27,42,5,5,8,349,1.9838990312960674,4,66,40,818,12.27507548110725,6,2,1,5,2019,5.743103538379968,1163,17,0.47736961334995515,0.27624614103391154,9,188,0.41819893717901724,0.12829732292427787,Q2,17.567301728912422
DET,WR,27,1,8,66,56,726,5,1,136,550,3.8671908666719386,4,38,33,32,7.524133066955284,1,5,2,4,2005,5.481372445263981,276,16,0.6581258528571102,0.503177170232213,5,35,0.5296349449432421,0.19514422053831504,Q2,15.155152759474598
HOU,RB,24,2,6,22,202,1587,10,7,48,200,6.58805071604441,3,50,43,546,0.27275817708894284,6,2,1,3,2009,7.22889416782806,1062,16,0.468831020789225,0.2943229748348336,10,229,0.3914842516646626,0.6371084131782386,Q4,19.64719924123094
JAX,WR,26,4,8,93,6,1107,4,1,97,291,3.4357224587266333,3,97,31,402,16.174007672925484,4,2,2,2,2014,3.46515934507681,327,16,0.29175303976731815,0.34364592572976427,9,23,0.5529042851958282,0.28941613355602613,Q1,16.829486512977702
TAM,RB,31,2,2,161,266,805,4,1,119,651,2.1421885162468044,4,81,28,18,13.686700594545274,4,3,1,1,2009,5.8433518990269375,760,16,0.7148863452140082,0.45275087427085714,8,342,0.23016297501409558,0.11943294144623695,Q2,16.91540264308399
WAS,WR,25,10,2,113,103,1698,6,3,20,651,6.556967050197052,4,58,33,219,12.1397180519847,4,2,1,1,2004,6.245657568456682,48,16,0.6104416512920218,0.5057336871843555,9,75,0.34945309438173255,0.1549689931498922,Q1,14.770957878257846
KAN,WR,23,11,4,96,196,1549,1,4,123,599,2.9883881055353476,4,41,41,104,14.581430272033097,4,3,2,8,2002,1.5323251167254948,581,17,0.5493567882022112,0.9843140117818387,4,247,0.3282938911918486,0.16561718054040064,Q3,14.589854535268316
CHI,TE,25,7,5,63,241,584,3,4,147,528,4.067837930891085,0,6,35,191,15.2142105882709,5,2,3,3,2009,0.3046251387216274,768,16,0.5822683726056047,0.2233225881619405,8,46,0.575139541504163,0.4777909068183822,Q3,12.6118641983762
IND,WR,25,6,7,147,107,988,2,3,114,178,7.484792750229022,3,16,33,241,5.662327296005582,3,4,1,0,2014,2.9309951625700035,629,16,0.2705318559004596,0.48797616488264717,6,76,0.10494616911457225,0.6073854534294973,Q2,15.839835030206075
BUF,RB,29,9,10,80,87,889,1,7,69,212,1.4293396062758261,1,22,57,353,10.250528937880166,3,5,2,8,2012,6.204079037995784,279,16,0.7004041197741777,0.14951173948933894,7,163,0.36785684930062246,0.17640227485441495,Q4,8.715428519252097
GNB,TE,28,14,10,22,166,1147,9,3,138,362,2.3101472332141273,4,42,52,465,10.214442132227191,2,5,1,0,2004,2.0935482736493283,972,16,0.4257817520675953,0.3499992327079726,2,207,0.480092578144442,0.7124966103632211,Q3,13.245459788667446
2TM,WR,31,14,7,59,158,606,6,3,83,371,0.23813934641765536,3,106,24,1,4.484694443377794,1,3,0,3,2010,5.069140147872816,1138,17,0.4032510809968934,0.7173107187064043,7,362,0.23548621124869296,0.28101260750152846,Q4,13.029160428437233
NYG,TE,29,2,7,11,111,443,4,3,117,334,3.003320800075284,2,57,56,142,3.72386555205635,4,2,2,6,2008,0.05321172346768387,539,17,0.20287582025009737,0.17446214376057456,10,9,0.5520973338465304,0.31155813839396085,Q2,14.991498487293962
JAX,WR,26,4,3,33,164,1656,4,0,129,421,1.5343471179533632,1,26,60,82,1.9111106086302596,0,4,1,7,2006,2.573379972466859,746,16,0.6220350011410435,0.5813513075500432,3,0,0.23737303359492168,0.22349862107410756,Q4,15.514342265554273
CAR,RB,31,5,9,3,254,1676,4,4,118,270,5.212267769626363,2,12,11,483,11.061827064820486,2,4,1,6,2016,4.457278756536429,927,17,0.6274978848873499,0.4167010235680072,10,127,0.11028739266103751,0.785206135943191,Q2,13.863712067881275
GNB,WR,24,5,5,73,127,1530,6,2,45,495,1.3897756515994437,4,38,41,289,13.102085293960863,1,3,1,4,2007,0.9396397721503517,283,17,0.38153185343737034,0.05157954440447299,4,133,0.37166713525774747,0.959813832936877,Q1,15.098984213433592
GNB,TE,22,10,1,102,54,1774,9,4,19,220,5.172241272852044,1,91,20,482,12.767099989674175,1,3,1,8,2012,6.492800238422058,1014,17,0.8686094283114382,0.9330752414784446,2,320,0.2676341882055625,0.4924998486780927,Q2,14.206900619058796
KAN,RB,23,7,7,55,103,1351,9,0,37,219,2.0194616642981216,0,43,52,195,5.306397994992348,4,4,0,0,2019,1.1316617150036983,329,16,0.855116780045714,0.41360314029288636,1,330,0.00966643025218471,0.0420306414319922,Q2,11.032105039872494
PIT,RB,30,2,8,68,107,1387,4,7,79,84,2.722640222705429,4,87,17,21,3.4438041578050598,4,3,1,8,2012,6.588291553283774,910,16,0.16473841232727934,0.7839265357511662,8,319,0.04444274067768386,0.26056931642547587,Q4,19.957316301600315
DEN,QB,27,7,4,154,36,1383,3,3,79,125,2.6739142918615033,4,90,47,827,7.610637882960879,3,4,3,7,2013,1.5669883155861453,131,16,0.7140984885717984,0.4163134887318003,6,52,0.12426729649510274,0.15805029111884605,Q1,12.484605517571206
BUF,WR,24,9,9,121,44,872,5,6,91,562,5.493691355665778,1,12,18,95,9.174314721813012,1,1,2,7,2002,7.200092619849445,338,17,0.4317200839234584,0.9373603215787846,3,149,0.4895736106024606,0.8427622848520179,Q3,13.370429973903866
MIN,QB,28,3,9,87,186,828,6,3,62,295,3.575656293348591,1,68,36,112,15.420239591472436,3,2,1,2,2005,4.379302163159531,626,17,0.9997326728714621,0.29047033442889747,6,270,0.5676615102032944,0.08485398743320516,Q2,11.513943129634248
GNB,TE,24,14,11,46,92,436,5,0,124,151,2.769249795323798,5,107,66,129,14.677588477264687,2,3,0,1,2003,0.6107855552966117,616,16,0.27345965282936163,0.41223064968769685,3,113,0.34722601073632336,0.9664762406883838,Q4,12.083647365135501
NOR,QB,30,2,10,144,260,1170,7,6,143,502,6.535102370049424,4,45,27,863,15.369423114063999,4,0,2,5,2016,0.47270664306108123,997,16,0.3254914425760838,0.7588642402592863,4,240,0.06717802159989675,0.588513776624626,Q1,20.143262578962176
NWE,QB,27,15,10,38,66,525,6,5,39,366,4.383833324767568,3,6,61,543,14.26551335061477,3,4,0,4,2018,0.5425472419918997,1168,17,0.4769746511459945,0.3436673152808569,9,86,0.34008478779026563,0.5177397870741632,Q2,12.078156841300277
NWE,QB,26,2,5,52,27,468,3,5,116,14,1.6389503536778287,2,103,69,536,16.18352909665367,3,3,2,4,2005,4.271722332678536,126,17,0.31442045188812173,0.36435707133517936,7,117,0.5444762021980559,0.8473506224191868,Q3,15.143624766418164
SDG,WR,25,14,13,146,205,1063,3,3,106,209,6.898934914242456,1,99,61,867,7.810055508058631,3,1,2,7,2005,5.862587011852573,318,16,0.7112437809873571,0.9948231734142234,8,311,0.47694030944164795,0.02754762129145616,Q2,10.877354766867503
BUF,TE,29,15,9,85,240,744,4,4,82,117,2.6263137395990195,0,58,12,78,0.7964997902663611,6,4,1,5,2007,2.918064260263615,419,17,0.5133513551701381,0.555614525690352,6,91,0.18524428598923862,0.7771527494070096,Q3,8.565970741633382
JAX,TE,26,16,7,120,76,397,1,6,30,433,0.29876546430075546,4,62,57,857,1.4019852060466904,5,4,1,2,2013,3.221288710574877,562,16,0.26957390767144396,0.6893804536701481,10,349,0.07883947863804588,0.11660404556851656,Q4,12.690931308162707
ATL,RB,23,13,10,95,55,1480,2,4,125,182,3.7909652461100682,0,24,2,179,6.547966378624869,3,4,0,3,2013,4.267340894895681,579,16,0.5372256901436525,0.6434622341536098,2,111,0.5731610816668818,0.8407780989404321,Q4,8.191835763910596
IND,WR,23,13,6,105,51,1561,7,2,151,43,0.9499487349203742,0,92,28,548,4.323416753580288,3,2,0,1,2015,3.860026193146713,1004,17,0.8957385309672236,0.8279241471565723,3,9,0.5435110205841343,0.5291762192378618,Q4,10.95976532951011
DET,QB,33,11,8,48,142,304,4,5,113,36,1.8277751538918368,4,56,61,369,2.8512254772801295,0,4,1,2,2019,4.982615373808779,904,17,0.8053709189219245,0.861825099441743,1,92,0.03418250509241641,0.06112940236009179,Q1,9.72132459917679
ATL,WR,32,13,12,39,127,14,2,5,144,384,5.726385100657033,5,4,48,337,15.992641105645104,6,2,3,1,2007,3.4164474920475754,22,17,0.5301521166501447,0.5632561324703096,6,62,0.5241564935247227,0.8332450388013244,Q2,10.259384681780055
NYG,RB,30,3,14,52,71,610,6,7,155,14,1.0021741931137822,4,76,37,819,3.2787064277782214,2,3,1,6,2014,5.16943909687589,534,16,0.33296181544557596,0.29455607496639935,6,183,0.06186258768132513,0.027314117071251642,Q4,13.977383057875116
PHI,RB,25,9,15,25,12,1447,8,3,55,561,6.184990143137103,2,106,27,131,16.0962522355111,2,0,2,6,2012,7.222049416816107,725,16,0.2311435606586198,0.022800247574969457,7,41,0.040271403074023555,0.1383706928936035,Q1,13.28634982560102
PHI,WR,33,9,8,141,131,1522,3,3,100,103,7.181118802556656,2,93,57,876,12.765184987611363,6,3,2,4,2007,2.536690140191022,540,16,0.8859839473627145,0.6144032510643201,3,227,0.4827460254567105,0.7978245238266289,Q2,13.31344749737368
SFO,TE,31,14,8,46,261,251,8,6,74,401,4.648890157832654,2,31,50,333,10.753644054545417,4,4,0,3,2019,0.0884585646783233,153,16,0.7282815067175278,0.8254688332656196,0,317,0.34128857758860964,0.464871123857891,Q2,9.492132631383772
SDG,WR,30,8,13,90,177,1405,9,4,155,294,5.444694277680857,2,6,33,570,11.342095885944016,0,3,0,5,2003,0.9097167495129046,466,16,0.5989030967007423,0.4505398055116595,6,131,0.26380328805747566,0.8813887043548337,Q3,12.043826949746622
SDG,TE,27,7,5,128,135,210,6,5,15,293,5.469431486525671,3,105,62,851,5.56140254139197,0,2,1,7,2015,4.008286110181501,483,16,0.8869699805815641,0.1647061404908643,10,61,0.5751850338029231,0.6354292727910835,Q2,12.21018026285515
DET,TE,25,11,13,126,30,708,7,3,65,47,7.60958099013758,2,105,16,51,10.845609194088956,0,4,2,7,2016,2.4929509377727186,220,16,0.1765846444132089,0.2880820729356409,3,145,0.5341022731340251,0.623528754370408,Q3,10.402864810981471
BUF,WR,23,5,8,71,69,1811,1,2,137,531,2.6177903273453778,3,60,12,811,3.1322788733856735,4,3,1,4,2019,6.806906266094892,887,16,0.702333705626939,0.5099889295118646,2,285,0.036669481893581476,0.29223510613201487,Q1,15.82656523177652
NWE,TE,32,3,2,77,80,349,9,5,45,590,1.2482475662896537,4,72,45,499,15.732613368103657,0,1,2,7,2011,4.543665756143885,377,16,0.26566779288740494,0.8366812189776666,3,214,0.39205551759892787,0.13368052355173354,Q1,21.62964971367634
GNB,WR,27,8,1,160,208,279,4,1,124,7,3.9792641593727076,5,52,68,619,5.063421592672181,6,5,3,4,2007,3.7681644316223935,691,17,0.1755413509524878,0.17175314606842063,4,37,0.49144289295020066,0.9611723908966826,Q2,15.213957954901856
CLE,TE,24,7,13,109,238,767,9,1,60,118,4.087202954180678,0,47,17,131,4.281462595147207,6,4,2,4,2018,5.779021992724901,605,16,0.49900797813149983,0.6121498757095142,3,194,0.35031218712951495,0.10479768914339516,Q3,13.110267748074898
ARI,QB,25,4,1,131,245,1124,6,4,154,597,1.363646895587506,2,13,17,469,11.931731391924199,3,5,3,7,2016,1.8725846897386083,1029,17,0.4256808716540816,0.7533686139505454,3,169,0.6255489539575744,0.5290106000735676,Q3,18.217361762986293
STL,WR,28,7,4,145,268,1692,0,5,139,363,4.699303370290371,1,11,10,592,11.013750714221496,4,5,2,3,2011,5.936156098821001,143,17,0.9448502587423614,0.9360475203348232,6,118,0.4365756847757125,0.27256859083478024,Q1,11.70807712473849
SFO,TE,24,6,5,127,267,1779,0,6,47,99,0.1082619277664801,2,26,60,401,7.571792963315455,2,5,3,3,2016,0.02216706353937791,134,17,0.36623082507982785,0.11670369167885941,3,40,0.06627282626174337,0.2641406635814547,Q3,10.537256033071838
DAL,RB,31,6,3,30,259,126,7,2,121,134,7.110305461163821,1,94,16,136,10.611042382034304,0,4,2,2,2006,4.487408328119094,352,16,0.8264708678612522,0.9263916341645574,4,355,0.12618964399997037,0.5945862193028131,Q4,12.079072149572966
CLE,RB,30,7,5,91,20,250,6,1,53,436,2.0278840235359037,1,16,35,215,2.675939315098809,4,3,2,4,2013,6.769066099034007,506,16,0.7645253129390732,0.6014675351744795,0,64,0.5257926680360212,0.7979341171788689,Q1,12.808367326455558
DET,TE,30,11,12,16,37,1434,0,7,95,479,0.30321736195541105,4,25,69,751,11.296952713077246,1,1,2,4,2018,5.705306545269581,350,17,0.6886786281798778,0.766701587432286,9,70,0.6342997010918273,0.7771794828312787,Q1,11.102854844840168
2TM,RB,27,5,0,105,83,491,7,1,103,396,0.8297001308337565,2,61,1,30,4.5402461082749195,1,3,3,5,2007,6.18161226643345,895,17,0.9253754434000558,0.05377470956855546,4,53,0.062579533464248,0.8688016891935535,Q3,10.954390796777911
TAM,RB,29,15,13,154,150,1605,9,1,130,630,1.8414375271080758,5,24,39,623,4.577581386460562,2,4,1,3,2011,2.874556848194883,288,16,0.44492930723250823,0.5061481556405951,3,206,0.06384592953775807,0.2929027379123671,Q4,12.354108722472823
JAX,WR,28,15,14,83,26,1204,5,2,4,327,2.0994102217275095,0,18,36,878,2.7210189085012746,0,3,2,2,2020,5.9687458943832565,99,16,0.42781673685893656,0.6226296740807937,1,161,0.485791761727544,0.4657513817150738,Q2,8.169936270964476
BUF,RB,29,8,6,70,230,203,5,4,35,198,0.2514789961502378,0,63,57,7,5.576549710051206,3,4,2,7,2017,3.988860578236141,485,17,0.21338820960766502,0.3068338398728402,6,90,0.04095272472870699,0.009334573220024955,Q4,12.08065001341775
BAL,TE,23,6,2,6,168,1510,0,6,112,315,2.1411724722848753,2,41,25,142,5.557656678556728,4,1,3,3,2019,4.479173805857548,907,16,0.3210269457766273,0.43165020810125265,9,155,0.04362916476853929,0.7468576231363655,Q3,15.682886215637359
SEA,WR,27,9,10,155,148,320,8,5,88,238,1.4788416626529821,0,70,29,593,7.620114529671407,5,2,1,7,2009,0.4266368283622162,998,17,0.8872904275570663,0.554298135279598,0,244,0.5656104891879671,0.30234311214228304,Q3,11.60325755117612
GNB,RB,22,14,2,17,45,768,3,5,78,148,2.902018049689278,1,102,12,53,3.1948161338465306,4,3,2,2,2021,1.4595413996240505,860,16,0.5072332496044075,0.5525479397729799,1,102,0.5093771532935597,0.5614935332701865,Q4,9.538324713658291
SEA,WR,27,11,6,7,69,1002,9,1,9,30,2.9521974222048675,5,17,52,518,3.2382375511081904,5,2,2,4,2004,3.989821894012154,654,16,0.38251873955379107,0.041861525406838074,1,331,0.5609947635500614,0.1693002820194507,Q2,14.284700234804903
DEN,TE,26,13,15,40,44,908,4,3,55,233,2.598394623562065,1,102,55,601,9.089169369016387,2,1,3,4,2011,0.4258092560779813,849,17,0.26510505163953546,0.4394817665788924,6,111,0.4139630740844796,0.8193995071343285,Q4,11.388669344969273
TAM,RB,24,9,16,11,232,1245,6,3,136,470,2.5134401190618054,1,101,10,517,2.162276456137972,5,1,1,7,2011,5.369204650742616,799,16,0.517150234603389,0.21381815479223087,9,72,0.2052504503247281,0.8172722192782778,Q3,12.470221761739964
ATL,RB,23,10,12,73,159,1184,3,1,5,12,0.6877638523344132,3,93,28,321,11.55816091181268,3,4,2,1,2017,6.083292768907675,275,17,0.7343737848104958,0.9166950780853498,4,346,0.5767447574845034,0.8774529147529555,Q1,10.554421578286702
NOR,WR,28,5,5,83,200,1800,2,2,62,290,0.19318850650228986,2,71,63,613,15.837335111694676,1,2,2,7,2019,6.66482588734156,646,16,0.3312737738660082,0.9765799901233341,3,293,0.19009678862009294,0.04593699710672283,Q3,18.77712609277309
TEN,RB,24,12,11,50,81,1813,8,2,148,426,1.5491466653169161,3,69,0,522,7.160682096813457,6,0,3,4,2016,0.7369587129814996,904,16,0.7728592382618633,0.2996468963520691,8,124,0.17532507965308594,0.9924587097750137,Q4,11.73866804170836
IND,QB,32,4,11,8,101,937,5,1,8,403,5.799495317199111,2,72,21,183,15.11854469841691,2,0,3,5,2014,6.805006483609601,372,17,0.652926038804611,0.17518539725105875,7,305,0.5640729940317635,0.24777941443969453,Q2,12.42617375682466
MIN,RB,28,11,6,18,110,173,5,4,118,513,7.5942654383124175,4,77,39,495,1.6495339177783923,0,2,2,4,2010,0.48967189044533443,767,16,0.8008399023809727,0.21950415094834308,2,188,0.4332507406774959,0.30943368604734944,Q1,10.479923690610326
ARI,RB,26,14,10,62,207,1320,10,5,40,536,7.11688003588058,1,2,23,775,0.7207335259691479,1,1,2,0,2011,3.432889341026465,565,16,0.2977277770702303,0.47775225535295374,2,126,0.5699731448149726,0.2493357291904461,Q3,13.102618569133709
SEA,TE,29,3,0,10,210,1772,10,0,136,470,3.864693060386541,2,107,19,586,12.102966722732203,2,4,1,4,2011,6.084697712178181,590,17,0.65408888568723,0.8745055991131784,4,304,0.09920991134343699,0.2675326983665324,Q4,17.846980358264126
DEN,RB,22,10,3,112,56,577,9,3,117,68,4.076273435756751,3,66,32,415,12.768250835578442,2,4,3,2,2001,0.5091597789957197,106,17,0.2066268245207893,0.5000362149376396,8,272,0.6060070531235836,0.5526613561036466,Q3,13.237070035977382
STL,RB,33,2,8,33,256,837,2,5,139,314,2.4111752026688382,4,88,13,283,14.144643820647607,3,1,1,3,2011,0.13202074782811682,781,17,0.40355967077934696,0.05539206171529765,7,108,0.3899268269911172,0.23981054430377957,Q3,14.333475978530737
WAS,WR,27,12,3,49,33,771,6,5,34,399,5.932018167910972,2,42,37,75,0.9532743820441327,5,3,2,5,2018,0.1806594972357214,1015,16,0.7415875889151262,0.03988560271314401,7,220,0.42511320987763573,0.3937713114004048,Q1,11.213082313828808
WAS,WR,31,2,3,63,244,93,9,6,83,162,5.861635084566119,3,1,49,215,13.034773922053489,2,1,2,4,2015,3.7023755756664585,166,16,0.6546891114811899,0.22739094562284856,8,134,0.5816749147531964,0.6556065824432153,Q1,14.804049379717295
NYJ,TE,23,15,13,67,27,1219,4,3,122,28,6.471099305470143,0,57,40,10,6.317483183587095,3,2,1,1,2017,5.877197092088982,429,17,0.23861943000392682,0.8427712776094288,3,0,0.2422973475329455,0.8360262035777268,Q1,9.177450514397425
WAS,QB,27,3,16,0,72,641,1,6,39,148,6.863779200514937,1,57,7,867,5.08933139277911,2,4,1,1,2009,0.9227632634907208,57,16,0.867196255086746,0.621480557535144,3,348,0.4579113602610032,0.6927415002668795,Q2,7.517715421988826
DET,QB,27,15,9,18,230,1428,8,2,36,301,3.3291592378679993,0,49,59,196,2.9029569025375372,5,3,1,1,2012,0.902368112977959,35,16,0.11251654594860801,0.5629578537862915,0,199,0.40748948617012615,0.5943228447873232,Q3,12.311442630781464
GNB,QB,32,13,13,139,49,1509,5,3,4,274,5.877875677903986,4,38,12,716,16.710931002275732,1,4,3,2,2002,4.1171455472946334,1161,17,0.6205147079843589,0.3189695925826421,9,217,0.5012971847328838,0.1477285625410687,Q2,11.019235101709185
IND,RB,28,10,16,0,112,1490,6,1,150,117,6.1808090801237,1,28,54,148,1.068133554127601,1,1,2,5,2009,1.6966571551065097,579,16,0.9848317189671308,0.9294254050461873,6,217,0.5707817766211956,0.8161156015412826,Q1,8.39936795214208
NWE,WR,27,13,2,82,122,756,10,3,111,545,2.3642522830268713,4,59,25,249,13.875356689534213,3,2,0,1,2010,5.287860097232987,417,16,0.5607856861025768,0.33117824496213244,3,199,0.43276599891006023,0.037274887993038686,Q4,13.633206112984487
CIN,RB,25,13,7,79,67,583,6,3,100,612,7.122368493764778,0,42,55,368,10.729295528785517,4,2,2,7,2006,6.876807206405019,322,16,0.8131298312119569,0.8349444126529467,1,105,0.04304335286558641,0.2641916632353021,Q2,11.098126492744264
MIA,QB,26,15,6,54,193,1358,4,2,117,133,0.7230998702321821,4,109,14,285,12.333016342615771,5,2,1,2,2002,5.547249098383674,1149,16,0.6204821623647833,0.8959035179758841,7,352,0.11654385644986015,0.05705891693196119,Q3,12.985951193021865
SEA,TE,28,5,1,69,232,1454,4,5,83,614,7.620780826175038,4,19,13,702,11.941031678687919,4,5,3,1,2015,6.35208623846352,296,17,0.7966452952403056,0.4833350132161367,7,225,0.6070770250790535,0.6674289755844626,Q1,14.479915091986943
HOU,RB,27,10,12,126,238,891,4,2,75,12,5.902518857417682,0,36,35,842,14.402623027338953,5,1,1,7,2010,3.7625947701007507,851,17,0.6771195018955818,0.8942892694807426,7,243,0.6164139376036893,0.3683710825935145,Q1,13.06783411531365
MIN,TE,22,2,7,135,92,1620,1,2,71,611,0.7148940566917547,0,33,2,769,3.083622505363595,2,4,1,2,2009,6.02725999950607,333,16,0.7104362636289332,0.2768032873910471,2,165,0.6156266541716852,0.6520484832048667,Q4,13.764200326707702
KAN,TE,31,10,8,42,144,261,8,1,101,629,5.029807244004794,0,61,16,135,0.013835238004165763,0,4,0,3,2006,1.3244977486874527,83,16,0.27607295414348504,0.6584334261832758,9,104,0.02341780025462053,0.3470309593035903,Q2,12.15686669972524
MIN,QB,32,4,2,52,68,1595,8,3,32,8,0.2619751319971938,4,56,51,683,10.041977982837022,1,3,2,8,2012,0.4949428707765782,801,17,0.7579571064746103,0.08796374852438626,8,23,0.24337610687690253,0.4557407307994942,Q3,13.676984796549267
BUF,TE,24,9,3,39,67,174,3,2,139,504,5.90325644191629,1,72,59,130,5.936961615313714,0,2,1,8,2010,4.750100018313182,2,16,0.2855405187478101,0.4739342140923939,7,127,0.48342808435599743,0.45796101016618085,Q2,13.716798813090904
ARI,RB,28,10,15,77,44,278,3,3,127,641,6.125808628951459,3,106,6,803,2.0768763331875326,2,3,2,6,2010,0.37621528923865977,793,16,0.9818502579461763,0.2173318021583479,7,64,0.479109147782256,0.0455806536675446,Q3,9.741883983733931
SFO,WR,23,8,1,110,256,968,9,2,55,599,4.617297410459739,2,32,62,455,3.122994652193341,3,1,1,1,2013,6.462925382873381,294,17,0.27605049152612937,0.06276327793060288,9,240,0.0546693031499736,0.43022652634600356,Q3,16.15956052213891
NOR,RB,29,9,4,37,242,122,0,5,91,642,6.567582886278179,4,78,56,296,5.566016242371407,2,4,1,5,2001,5.007905772738985,875,17,0.2843912533728028,0.0037255080776207317,9,318,0.38785656451151207,0.6410643631152027,Q4,14.594826476150299
NYJ,WR,25,12,5,53,211,96,5,7,22,364,0.7502465536468358,2,3,61,138,1.1783598893213543,3,2,1,8,2019,6.895384156868988,903,16,0.8675060504536226,0.32475211644080837,6,110,0.09091702998054564,0.5460522460754338,Q2,10.038576701620883
JAX,QB,29,13,8,150,141,1,5,3,153,52,2.114875095171643,3,29,49,10,0.9548770579328978,3,5,1,8,2002,2.273017672891818,849,17,0.2902992455901429,0.5895305945367628,4,121,0.31386048455223214,0.07528376627828726,Q3,11.742883659492913
TAM,RB,30,8,9,8,133,791,7,5,142,562,3.1745488860897013,5,52,47,218,15.368884942188785,4,3,3,1,2010,3.5205269367543126,29,16,0.4008463688980778,0.45523034765115733,4,243,0.15252726417162277,0.6680559856867488,Q2,14.330924685971718
HOU,RB,30,10,8,74,144,1405,2,6,145,406,0.3254277207941883,1,3,37,803,5.236390572489792,4,3,0,3,2005,5.370968385093633,825,17,0.7324751511053378,0.3017692985194961,8,54,0.03382983655846306,0.30886275491526094,Q3,11.577482313834492
BAL,WR,23,15,1,115,146,63,7,7,52,406,3.4354444829719353,4,69,46,701,16.47964836872348,2,4,3,3,2011,1.7580897864243534,1161,17,0.21132679393259052,0.9912000307762511,6,336,0.05092145260784245,0.014434802779022093,Q4,14.561623458036049
CAR,RB,32,3,4,24,118,1183,4,4,27,276,2.0327831371451364,0,76,64,852,16.17993536198782,2,3,1,1,2007,3.923811093518805,285,17,0.21162977015078335,0.9395250399796778,1,132,0.5796591498281234,0.15559555708424522,Q4,17.152472122562553
SEA,RB,25,3,13,8,36,1493,6,6,33,378,3.010198357462257,2,84,7,89,2.392029292377132,4,5,0,6,2018,4.7755479267184535,322,17,0.5184610218124552,0.12565330683749687,1,37,0.4738656135827944,0.4975596573165595,Q3,12.224544610199523
CAR,WR,22,2,10,22,34,305,0,6,14,102,3.258286644035146,4,58,22,521,11.994841081924982,4,1,1,2,2009,7.08806610663102,954,17,0.2909657070931814,0.41510742666849476,9,63,0.5929788974918776,0.31040165903006867,Q2,14.877291957200665
OAK,QB,28,11,10,148,259,266,5,6,19,489,6.740432286673251,3,68,5,226,10.080170917576384,2,5,0,3,2014,5.392786583398064,188,16,0.283429333345969,0.6488469339936108,9,338,0.29908450239407897,0.6943830137535508,Q4,12.899210600797666
CIN,WR,26,7,11,1,131,1561,5,3,11,50,2.0720840270441965,3,44,66,477,11.587523115430912,2,4,2,1,2006,0.8554473565455294,775,16,0.07116148882985564,0.7334907975299367,10,89,0.2630043175154209,0.24065347556576444,Q1,16.582774091692144
NWE,RB,31,13,12,30,259,1493,2,1,155,482,6.850278215984126,1,5,31,282,1.6138712224650769,4,4,2,4,2001,3.44213847189709,886,17,0.4097964917480762,0.3663721549094904,4,240,0.228077367955879,0.7727961684751686,Q1,11.922327497882007
NYJ,WR,31,11,1,5,44,978,1,0,12,561,3.2649421597126005,2,11,47,249,3.163619097090918,4,2,1,1,2009,4.263597601556341,44,17,0.360859894954753,0.7462818127353477,8,57,0.3921954247604209,0.28647718139397993,Q4,12.651337715332417
BUF,RB,25,6,6,18,151,1486,2,3,21,312,2.5125497650839024,2,73,59,504,1.285826431009234,1,4,2,3,2012,1.0617749696662158,650,16,0.09170857265000351,0.12415001291067829,8,70,0.22371960989084866,0.6208637075844157,Q1,16.570362374739922
BAL,TE,32,14,9,100,56,168,3,3,130,337,3.851607060492322,3,112,69,161,10.136029443086416,3,2,2,1,2010,3.1280924558562795,675,17,0.6449061045753095,0.3318126252577047,3,318,0.4749011488976403,0.7992163802511801,Q2,10.607794205193315
LAR,QB,25,12,5,39,69,716,1,3,91,206,3.201879424298703,2,2,11,412,16.55280582813475,5,4,3,8,2020,2.056634860868957,356,17,0.6499892331281444,0.716433175755905,1,54,0.5099292075919123,0.3855561286437489,Q1,9.514728932963688
SFO,WR,28,5,14,92,8,1338,9,4,122,641,1.972683081828559,2,62,56,572,11.274407242927685,0,1,3,1,2015,0.8604924680785012,1028,16,0.1288754422878052,0.6256827902603751,10,7,0.5573556503641516,0.04680494181547046,Q1,16.160549186739964
CLE,QB,25,6,8,95,32,467,4,4,99,485,3.8528891777016154,2,84,62,113,11.924999087590153,5,2,2,4,2021,3.7079638162848885,191,16,0.35972646522761226,0.8372102148616549,0,181,0.15450968288335826,0.5354455210588809,Q1,15.91510445122027
SFO,TE,32,6,12,137,249,1365,8,6,139,244,1.163515636480688,1,93,3,818,16.51914903033727,1,2,2,2,2007,1.1994358880323899,427,16,0.8807551862456854,0.04685702266715508,6,312,0.3353776677315116,0.9954090615445003,Q1,10.650365142084041
SFO,WR,24,3,14,1,87,915,10,1,100,116,2.697439504464261,2,61,53,445,11.375527186660136,3,2,2,1,2017,4.276390662747918,995,16,0.6082816264792923,0.17439171782304852,7,118,0.14219202882807927,0.9689918663769136,Q4,14.874253553539102
LAC,WR,22,3,8,137,165,1361,1,2,82,145,4.3366156226143495,1,69,25,720,0.6741574963221133,3,2,1,2,2012,1.2288643631807061,224,16,0.4487263037612386,0.04849458227196646,7,46,0.023899160358398907,0.22102219394416822,Q1,12.802598113652754
MIN,WR,27,15,15,100,126,843,7,6,112,307,3.1686526025881485,4,78,45,575,14.546427303260694,0,4,2,0,2013,5.23992981633053,963,16,0.49853305793508995,0.19211422424921132,3,356,0.4504342844717149,0.7556965094242524,Q4,10.589105943074856
BUF,QB,33,8,9,26,109,667,9,6,70,623,6.315045920289334,3,96,36,624,6.11849131635536,5,1,0,1,2021,1.4138468479133302,93,16,0.25776249478356733,0.004282810632935008,7,245,0.3493517197768975,0.34495183182006595,Q2,14.910534881289589
BUF,WR,32,7,14,124,145,398,6,7,54,485,1.9676967957665958,1,14,18,629,0.07321187208022448,3,4,2,4,2014,6.490469833737582,574,16,0.8236389069136825,0.5042103016788663,2,308,0.46068099607923507,0.16027248018309148,Q2,10.003179233603271
SFO,RB,30,12,5,138,51,378,4,6,73,142,7.433013924804735,3,104,9,769,8.510262312409322,6,0,3,5,2019,0.18979567761910418,88,17,0.9193794113602821,0.5283143955682554,8,272,0.0557600345314327,0.6659147006024932,Q2,10.128104327127016
JAX,TE,32,9,8,41,269,1363,4,6,27,568,6.014663489231235,4,3,8,539,15.721029459146202,2,4,0,1,2016,3.7800564697285504,795,16,0.9162475396094159,0.6578917814059948,2,253,0.633516659403054,0.500868729526769,Q2,12.187579654675659
ATL,QB,32,15,9,148,223,216,0,2,125,250,7.416315958086501,1,94,7,245,4.3174370851602735,5,4,3,4,2004,2.318046260975568,927,17,0.27243849221153094,0.38491244720104345,7,139,0.632767269875384,0.5392305576556773,Q1,10.793085590429495
KAN,RB,28,13,2,73,202,156,5,3,41,563,6.424070182022855,1,9,45,87,8.246498792330982,6,2,3,5,2015,1.6298970043766177,997,17,0.35381900104042835,0.003207690685184006,8,117,0.2959089798658717,0.8273926622355084,Q1,12.670449011532906
CIN,TE,25,8,6,97,128,320,10,2,24,160,1.0891847963805308,0,22,25,533,2.9155900061267785,3,4,1,2,2011,3.4151227204686925,1151,17,0.21308385138394076,0.6738911544076371,2,260,0.5511282732988048,0.33654367588742307,Q3,16.80518646737438
NYG,WR,30,7,15,159,42,318,10,4,39,409,4.035161753514249,0,0,15,58,0.9679548246258284,1,5,2,3,2019,6.097504460575932,788,17,0.3505010627802936,0.05429108774791258,2,259,0.1549981718762634,0.667094759555663,Q4,11.398749285140653
MIN,QB,29,16,10,58,250,1493,0,7,132,612,1.3028353712829916,4,50,48,212,1.3513652170755657,4,4,3,1,2017,6.628001611132468,902,17,0.3745050363649378,0.8661704308177439,8,344,0.46936028441482536,0.3661914669626253,Q4,12.668793722109449
MIN,WR,26,12,3,131,93,723,7,2,52,170,6.271472002784208,5,37,48,53,12.197627422240519,3,2,3,2,2003,2.1959820669860397,593,16,0.6560366284980957,0.022653987707937362,1,206,0.5595073634268146,0.04272389658042919,Q3,10.822674500828187
ARI,WR,23,15,5,51,14,1797,3,4,108,458,4.4774310610931405,0,19,38,482,14.497249453562723,6,2,0,4,2004,1.1169588509142374,1071,17,0.24029348270136686,0.5304751232566325,2,107,0.51842398750595,0.3780151073363489,Q2,14.02324560291377
IND,QB,30,3,3,129,93,249,9,2,134,653,2.019261509453223,4,51,65,141,2.404236080791795,3,4,1,8,2002,5.214914146108024,755,16,0.9244346165947596,0.8949178823855207,5,177,0.516583504335282,0.9500344632041346,Q2,17.563674189556924
NWE,WR,25,14,0,97,216,1186,0,1,12,100,7.125102708972607,0,45,27,537,4.837344859931197,2,1,2,8,2011,4.214557586168381,1036,17,0.15915575320497807,0.5724895757887801,9,222,0.29465331132927775,0.48326248208841704,Q1,14.495453184621992
PHI,WR,32,11,15,35,169,814,9,1,120,58,0.8828672204028326,3,86,59,695,3.272161068263214,1,4,1,8,2003,1.45566321247112,276,16,0.06894813534468724,0.60841674654393,6,154,0.5218117849501281,0.10823043683686817,Q4,13.322888505555547
DET,RB,25,3,7,67,204,713,8,0,48,446,4.321839480724244,4,100,5,722,0.4505802573211798,4,2,1,3,2015,5.505699997719478,583,16,0.8640110580911249,0.6816108483374057,4,286,0.4395394264681003,0.6878268293762259,Q1,16.9026079609387
NYG,WR,23,10,5,51,216,1587,1,7,34,225,5.526563780769073,2,73,52,272,9.285348539214947,6,4,0,1,2012,3.757847065437972,856,16,0.7222841947806716,0.12240884773046701,10,212,0.08428725336449369,0.9633793497185212,Q4,12.099448738681104
PIT,WR,31,11,10,13,58,1770,1,3,108,47,0.4510567302597561,0,14,69,483,11.743138632309421,0,0,0,3,2018,4.73157684785719,238,17,0.39564987845874855,0.6749271008105595,5,3,0.07266280258651281,0.9079452465442571,Q2,10.356982678884016
JAX,RB,24,1,0,5,251,1583,8,6,143,314,4.58239065451578,3,33,59,495,10.869944401516182,4,0,2,2,2007,2.602162144616832,248,16,0.6207809742907356,0.8803548820128152,4,206,0.4912231774129526,0.5719608378081387,Q2,19.855266018713024
SFO,TE,24,8,4,56,119,349,2,5,46,498,6.253642845578886,5,102,41,416,6.510676182515488,6,5,2,0,2011,3.179735413690197,1147,16,0.2720725945367813,0.9742208328353165,4,229,0.39802260194640604,0.3762807443485312,Q4,19.379215096532942
MIA,TE,29,13,11,3,174,401,5,1,89,188,0.5175770040395499,1,10,44,576,9.311838570769524,0,4,2,1,2003,1.3059515864336961,510,16,0.22036529560503998,0.44305199935834705,3,331,0.3305120745763311,0.5806776685092404,Q3,10.727723111317154
DET,WR,32,5,10,27,1,1190,9,1,46,221,3.9261917138349087,1,46,25,185,1.5787772557855475,1,4,2,4,2019,5.478327614108387,213,16,0.5042023141925527,0.34450485167754685,3,150,0.5773484123583452,0.8159310621992495,Q4,13.051005608707017
NYJ,RB,24,8,16,117,270,524,6,6,87,559,1.9817647242812233,1,106,48,861,2.5888735030139283,4,5,1,3,2005,1.1370012310590851,389,17,0.3936135903634008,0.753309615596317,7,208,0.41973931800895725,0.8612373420184543,Q3,13.139818036788085
LAC,TE,25,8,10,114,76,1333,4,2,98,344,5.08112094325063,3,106,54,86,15.633443061388943,4,2,1,1,2003,5.636096715628761,466,17,0.6392781723768364,0.5428742880953146,0,172,0.25209338323800917,0.8188438849424412,Q4,12.804097993854757
